{"cameraMode":{"drawMode":0,"name":"Shaded","section":"Shading Mode"},"sceneLighting":true,"audioPlay":false,"sceneViewState":{"showFog":false,"showMaterialUpdate":true,"showSkybox":true,"showFlares":true,"showImageEffects":true,"showParticleSystems":true},"in2DMode":false,"pivot":{"x":-2308.765625,"y":-2231.563232421875,"z":735.6849365234375},"rotation":{"x":0.26583200693130495,"y":-0.5995076298713684,"z":0.22075064480304719,"w":0.7219511270523071},"size":2034.08740234375,"orthographic":false}